{
  "lastUpdate": 1721735010.08412,
  "countryCodes": {
    "ukraine": "UA",
    "moldova": "MD",
    "poland": "PL",
    "lithuania": "LT",
    "czech republic": "CZ",
    "romania": "RO",
    "germany": "DE",
    "slovakia": "SK",
    "estonia": "EE",
    "latvia": "LV",
    "hungary": "HU",
    "italy": "IT",
    "great britain": "GB",
    "spain": "ES",
    "france": "FR"
  },
  "countries": [
    "UA",
    "MD",
    "PL",
    "LT",
    "CZ",
    "RO",
    "DE",
    "SK",
    "EE",
    "LV",
    "HU",
    "IT",
    "GB",
    "ES",
    "FR"
  ],
  "cities": {
    "UA": [
      "village Seleshchyna",
      "city Dobropillia",
      "city Kamenskoye",
      "city Kovel",
      "village Sloboda-Dashkovetska",
      "urban village Pershotravneve",
      "urban village Stryzhavka",
      "city Yuzhnoukrainsk",
      "city Berezan",
      "city Fastiv",
      "village Byshiv",
      "city Kobeliaky",
      "city Kyiv",
      "village Diadkovychi",
      "city Rohatyn",
      "city Haivoron",
      "city Horodnia",
      "city Hrebinka",
      "urban village Teofipol",
      "city Oleksandriia",
      "village Fontanka",
      "city Khotyn",
      "city Baranivka",
      "city Storozhynets",
      "village Kivshovata",
      "city Odesa",
      "city Pereiaslav-Khmelnytskyi",
      "village Chervona Sloboda",
      "village Ivaniv",
      "urban village Velyki Korovyntsi",
      "city Izium",
      "city Rozhyshche",
      "urban village Savran",
      "urban village Popilnia",
      "village Borki",
      "urban villagе Pidserednie",
      "urban village Ilarionove",
      "village Pohreby",
      "village Kamianka",
      "city Kamianets-Podilskyi",
      "city Marhanets",
      "city Ananiv",
      "city Berezne",
      "urban village Olesko",
      "village Vysoka Pich",
      "city Kalinovka",
      "village Kobleve",
      "city Dubliany",
      "urban village Zhvyrka",
      "village Molodizhne",
      "village Bezruky",
      "city Volodymyr-Volynskyi",
      "village Horbova",
      "urban village Zakupne",
      "village Rozhny",
      "village Pidhaitsi",
      "city Irpin",
      "city Kaharlyk",
      "village Chaiky",
      "city Vasylkiv",
      "city Nemyriv",
      "village Tarasivka",
      "urban village Makariv",
      "urban village Pokrovske",
      "urban village Sarata",
      "city Pochaiv",
      "village Nove",
      "city Zhydachiv",
      "city Vyshhorod",
      "city Tulchyn",
      "city Vilnohirsk",
      "urban village Kozyn",
      "village Usatove",
      "village Soshnykiv",
      "city Mostyska",
      "city Krykhivtsi",
      "village Prybuzhzhia",
      "city Varash",
      "city Pyriatyn",
      "city Druzhkivka",
      "city Rakhiv",
      "urban village Zelenivka",
      "urban village Perehinske",
      "urban village Tsarychanka",
      "urban village Solonytsivka",
      "city Zdolbuniv",
      "urban village Solone",
      "village Sokilnyky",
      "city Bashtanka",
      "city Ukrainsk",
      "city Lviv",
      "urban village Hlyboka",
      "city Vilniansk",
      "urban village Peresichne",
      "city Romny",
      "city Krolevets",
      "city Balta",
      "city Mohyliv-Podilskyi",
      "city Ovruch",
      "urban village Velykodolynske",
      "city Irshava",
      "urban village Babyntsi",
      "urban village Hostomel",
      "city Ochakiv",
      "village Kolonshchyna",
      "city Ternopil",
      "village Shchaslyve",
      "urban village Volodymyrets",
      "city Putyvl",
      "city Sharhorod",
      "village Stepove",
      "city Brovary",
      "city Khrystynivka",
      "city Myronivka",
      "city Brody",
      "city Yuzhne",
      "city Uzyn",
      "village Zarvantsi",
      "city Khmilnyk",
      "village Vovchynets",
      "urban village Shyroke",
      "city Bolhrad",
      "village Zmiinets",
      "village Krupets",
      "city Kalush",
      "city Mukacheve",
      "city Korsun-Shevchenkivskyi",
      "urban village Liubashivka",
      "urban village Borova",
      "city Ichnia",
      "city Radekhiv",
      "city Khmelnytskyi",
      "urban village Ivankiv",
      "city Talne",
      "city Kurakhove",
      "village Troitske",
      "city Haisyn",
      "city Petropavlivska Borshchahivka",
      "village Shypyntsi",
      "village Lisnyky",
      "city Hlyniany",
      "village Andriivka",
      "village Hora",
      "city Dubno",
      "city Chernivtsi",
      "village Orynyn",
      "city Horodok",
      "city Shepetivka",
      "village Vinnytski Khutory",
      "city Nadvirna",
      "city Sarny",
      "city Slavuta",
      "city Novyi Rozdil",
      "city Kamianka-Buzka",
      "city Merefa",
      "urban village Novi Sanzhary",
      "city Karlivka",
      "city Lutsk",
      "village Velyki Luchky",
      "city Artsyz",
      "city Vynohradiv",
      "village Litky",
      "city Rzhyshchiv",
      "city Nikopol",
      "village Maryanovka",
      "city Zinkiv",
      "city Krasyliv",
      "city Hadiach",
      "city City of Bershad",
      "city Shpola",
      "urban village Vorzel",
      "city Tlumach",
      "city Lebedyn",
      "urban village Novomykolaivka",
      "urban village Slatyne",
      "urban village Nyzhankovychi",
      "village Novosilky",
      "city Zhashkiv",
      "city Mena",
      "urban village Ovidiopol",
      "urban village Krakovets",
      "urban village Desna",
      "urban village Shevchenkove",
      "city Reshetylivka",
      "village Rozsoshentsi",
      "village Hatne",
      "urban village Oleksandrivka",
      "city Pokrov",
      "city Pereshchepyne",
      "city Lubny",
      "urban village Raihorodok",
      "city Novodnistrovsk",
      "city Pidhorodne",
      "city Burshtyn",
      "urban village Rokytne",
      "urban village Nova Vodolaha",
      "village Stare Selo",
      "village Mostove",
      "city Zhovti Vody",
      "village Sukhovolia",
      "city Boryspil",
      "city Novoselytsia",
      "city Zvenyhorodka",
      "city Khyriv",
      "city Radomyshl",
      "village Zavorychi",
      "village Novi Petrivtsi",
      "urban village Manevychi",
      "city Kostiantynivka",
      "urban village Pisochyn",
      "city Kramatorsk",
      "city Zhovkva",
      "urban village Onufriivka",
      "village Nyzhni Stanivtsi",
      "city Chernihiv",
      "village Lysynychi",
      "city Vyzhnytsia",
      "village Malyi Rakovets",
      "city Korosten",
      "village Rovantsi",
      "city Novoukrainka",
      "village Dvorichnyi Kut",
      "city Uman",
      "village Myrne",
      "city Zolochiv",
      "city Mykolaiv",
      "city Hlobyne",
      "city Liubotyn",
      "city Olevsk",
      "city Yaremche",
      "village Brustury",
      "city Ladyzhyn",
      "village Demydiv",
      "urban village Borodianka",
      "city Ternivka",
      "city Novomoskovsk",
      "city Balakliia",
      "city Borshchiv",
      "city Novoiavorivsk",
      "city Svitlovodsk",
      "city Malyn",
      "village Liubartsi",
      "urban village Turbiv",
      "village Uladivka",
      "village Subottsi",
      "urban village Nepolokivtsi",
      "urban village Baryshivka",
      "city Vynnyky",
      "city Uzhhorod",
      "city Korostyshiv",
      "village Yasen",
      "urban village Mizhhiria",
      "city Kitsman",
      "city Starokostiantyniv",
      "city Podilsk",
      "city Dolynska",
      "city Dnipro",
      "village Yakushyntsi",
      "village Kashperivka",
      "city Bilhorod-Dnistrovskyi",
      "city Kharkiv",
      "city Monastyryshche",
      "village Nova Chortoryia",
      "village Kovalivka",
      "city Boiarka",
      "city Ostroh",
      "village Holyn",
      "city Voznesensk",
      "village Zinkiv",
      "city Zolotonosha",
      "city Krasnohrad",
      "city Yavoriv",
      "village Drachyntsi",
      "city Radyvyliv",
      "city Lokhvytsia",
      "village Starovirivka",
      "village Blystavytsia",
      "city Gorodok",
      "village Dubrovka",
      "city Lozova",
      "city Berezhany",
      "city Bucha",
      "city Okhtyrka",
      "village Bilohorodka",
      "city Sviatohirsk",
      "village Teterivka",
      "urban village Ivanopil",
      "city Netishyn",
      "village Bobryk",
      "village Myrohoshcha Druha",
      "city Zhmerynka",
      "village Senkivka",
      "urban village Kotsiubynske",
      "city Boryslav",
      "village Hanychi",
      "village Khodosivka",
      "city Volochysk",
      "city Hlukhiv",
      "city Blahovishchenske",
      "city Kremenets",
      "city Chornomorsk",
      "city Kolomyia",
      "urban village Smotrych",
      "village Vakulenchuk",
      "city Myrhorod",
      "city Zhytomyr",
      "village Staryi Saltiv",
      "city Tatarbunary",
      "urban village Rohan",
      "city Cherkasy",
      "city Zmiiv",
      "city Chervonohrad",
      "village Strilky",
      "urban village Oleksiievo-Druzhkivka",
      "village Severynivka",
      "city Zaporizhia",
      "city Sambir",
      "village Dachne",
      "city Berezivka",
      "urban village Krynychky",
      "urban village Korotych",
      "city Dunaivtsi",
      "city Skvyra",
      "village Chubynske",
      "city Reni",
      "village Rozhivka",
      "city Pervomaiskyi",
      "village Sviatopetrivske",
      "village Starychi",
      "city Pershotravensk",
      "urban village Stavyshche",
      "city Bar",
      "city Kaniv",
      "city Kosiv",
      "city Novomyrhorod",
      "city Slavutych",
      "city Tetiiv",
      "city Sumy",
      "urban village Voinyliv",
      "city Synelnykove",
      "village Petrivka",
      "urban village Vasylkivka",
      "urban village Chabany",
      "city Kherson",
      "city Piatykhatky",
      "city Gorodishche",
      "urban village Kelmentsi",
      "city Poltava",
      "city Horishni Plavni",
      "city Pokrovsk",
      "city Ukrainka",
      "city Sokal",
      "city Mykolaivka",
      "city Slobidka-Kulchiievetska",
      "urban village Novopokrovka",
      "city Bohodukhiv",
      "village Kapitanivka",
      "urban village Pechenihy",
      "city Berehove",
      "village Lypyny",
      "village Liutenka",
      "city Rivne",
      "city Dubrovytsia",
      "city Nizhyn",
      "city Sloviansk",
      "city Novovolynsk",
      "city Pomichna",
      "village Komar",
      "village Horynka",
      "city Derhachi",
      "city Sniatyn",
      "city Bila Tserkva",
      "city Kremenchuk",
      "village Zazymia",
      "city Svaliava",
      "city Vinnytsia",
      "village Myla",
      "urban village Mlyniv",
      "city Polonne",
      "city Liuboml",
      "village Novoivnytske",
      "village Krasnosilka",
      "village Kopyliv",
      "urban village Briukhovychi",
      "village Vozsiiatske",
      "city Kamin-Kashyrskyi",
      "village Khotiv",
      "village Hlyboke",
      "city Rava-Ruska",
      "village Verbka",
      "village Sosonka",
      "urban village Kvasyliv",
      "city Kropyvnytskyi",
      "urban village Velykyi Burluk",
      "village Tarasivtsi",
      "city Dolyna",
      "village Dovzhok",
      "village Nerubaiske",
      "village Pushkarivka",
      "city Koriukivka",
      "village Stepanivka",
      "city Truskavets",
      "city Obukhiv",
      "city Konotop",
      "city Kivertsi",
      "city Tiachiv",
      "urban village Hirnyk",
      "city Smila",
      "city Verkhnodniprovsk",
      "urban village Pershotravensk",
      "village Ahronomichne",
      "city Pustomyty",
      "city Zbarazh",
      "city Vyshneve",
      "city Berdychiv",
      "village Mala Oleksandrivka",
      "city Chuhuiv",
      "city Novyi Buh",
      "village Novopoltavka",
      "urban village Velyka Dymerka",
      "city Tarashcha",
      "city Znamianka",
      "city Zviahel",
      "urban village Slobozhanske",
      "city Pavlohrad",
      "city Koziatyn",
      "city Novohrodivka",
      "village Petropavlivske",
      "city Chortkiv",
      "urban village Prykolotne",
      "village Kniazhychi",
      "city Yahotyn",
      "urban village Shramkivka",
      "village Danilovka",
      "village Kamiana",
      "village Dmytrivka",
      "city Ivano-Frankivsk",
      "city Khorol",
      "urban village Chkalovske",
      "city Drohobych",
      "urban village Ust-Chorna",
      "urban village Ratne",
      "village Kriukivshchyna",
      "urban village Zabolottia",
      "village Rakiv Lis",
      "city Stryi",
      "urban village Avanhard",
      "urban village Obukhivka",
      "village Solonka",
      "village Stanyshivka",
      "city Kostopil",
      "city Shostka",
      "city Kryvyi Rih",
      "urban village Hlevakha",
      "village Cherepkivtsi",
      "city Sofiivska Borshchahivka",
      "city Bohuslav",
      "urban village Velykyi Bychkiv",
      "village Vepryk",
      "urban village Bohorodchany",
      "city Rozdilna",
      "city Pryluky",
      "urban village Zabolotiv",
      "village Krasna Slobidka",
      "city Pervomaisk",
      "village Lativka",
      "village Svarychiv",
      "city Snihurivka",
      "city Busk",
      "city Kamianka",
      "city Khust",
      "village Soshychne",
      "city Andrushivka",
      "city Buchach",
      "city Chyhyryn",
      "village Malekhiv",
      "city Izmail",
      "city Chudniv"
    ],
    "MD": [
      "Chișinău",
      "Byelcy"
    ],
    "PL": [
      "Częstochowa",
      "Gdansk",
      "Gliwice",
      "Kielce",
      "Sosnowiec",
      "Opole",
      "Warsaw",
      "Bydgoszcz",
      "Katowice",
      "Białystok",
      "Krakow",
      "Zabrze",
      "Lodz",
      "Rzeszow",
      "Poznan",
      "Wroclaw",
      "Szczecin",
      "Gorzów Wielkopolski",
      "Legnica",
      "Zielona Gora",
      "Przemyśl"
    ],
    "LT": [],
    "CZ": [
      "Pilsen",
      "Brno",
      "Pardubice",
      "Liberec",
      "Prague"
    ],
    "RO": [
      "Braşov",
      "Bucharest"
    ],
    "DE": [
      "Leipzig",
      "Cologne",
      "Dortmund",
      "Mannheim",
      "Dusseldorf",
      "Wuppertal",
      "Essen",
      "Hamburg",
      "Munich",
      "Magdeburg",
      "Dresden",
      "Bremen",
      "Berlin",
      "Hanover",
      "Frankfurt"
    ],
    "SK": [
      "Bratislava"
    ],
    "EE": [
      "Tallinn"
    ],
    "LV": [
      "Riga"
    ],
    "HU": [
      "Budapest"
    ],
    "IT": [
      "Milano",
      "Roma"
    ],
    "GB": [
      "London"
    ],
    "ES": [
      "Alicante",
      "Valencia",
      "Barcelona"
    ],
    "FR": [
      "Nice"
    ]
  }
}